{
  "package": {
    "name": "CDP_v1.0",
    "version": "1.0",
    "created": "2025-11-04T11:09:06.219710",
    "document_id": "QA-SIM-INT-90D-RDMP-001"
  },
  "standards": [
    "DO-178C Level A",
    "ECSS-Q-ST-80C Rev. 2",
    "NASA E-HBK-4008"
  ],
  "partners": [
    "SpaceX",
    "NASA SMA"
  ],
  "status": "READY_FOR_AUDIT",
  "artifacts": [
    {
      "name": "cdp_artifacts/CDP_v1.0.json",
      "size_bytes": 1885,
      "modified": "2025-11-04T11:06:38.672826"
    },
    {
      "name": "cdp_artifacts/traceability_matrix.csv",
      "size_bytes": 6558,
      "modified": "2025-11-04T11:06:38.672826"
    },
    {
      "name": "cdp_artifacts/audit_checklist.md",
      "size_bytes": 2723,
      "modified": "2025-11-04T11:06:38.672826"
    },
    {
      "name": "cdp_artifacts/review_schedule.md",
      "size_bytes": 3562,
      "modified": "2025-11-04T11:06:38.672826"
    },
    {
      "name": "cdp_artifacts/README.md",
      "size_bytes": 6323,
      "modified": "2025-11-04T11:08:07.330751"
    },
    {
      "name": "montecarlo_campaigns/MC_Results_1024.json",
      "size_bytes": 272730,
      "modified": "2025-11-04T11:06:38.669826"
    },
    {
      "name": "montecarlo_campaigns/coverage_matrix.csv",
      "size_bytes": 8563,
      "modified": "2025-11-04T11:06:38.671826"
    },
    {
      "name": "seed_management/seed_audit.log",
      "size_bytes": 24364,
      "modified": "2025-11-04T11:06:38.670826"
    }
  ]
}